entry_id,logged_at_utc,kickoff_utc,season,week,game_id,home_team,away_team,model_id,model_sha,params_sha,p_home_win,home_qb,away_qb,diff_rating_off_total,diff_rating_def,market_p_home,spread_line,home_moneyline,away_moneyline,data_asof,prev_hash,row_hash
1,2026-09-30T22:47:56Z,2026-10-02T00:15:00Z,2026,4,2026_04_PIT_CLE,CLE,PIT,ratings_qb_logit_v1,1ca7379a709d71b7635c542cea95153ddfd598fe,d7760e41a9d7,0.55616888,00-0033537,00-0023459,-0.03627987,0.05361003,0.42794036,-2.5,124,-148,2026_03_TEN_NYG,0000000000000000000000000000000000000000000000000000000000000000,364f40695b2082e92e303da6214fc8b540db284a01f033a64e64fda98b213775
2,2026-09-30T22:47:56Z,2026-10-04T13:30:00Z,2026,4,2026_04_IND_WAS,WAS,IND,ratings_qb_logit_v1,1ca7379a709d71b7635c542cea95153ddfd598fe,d7760e41a9d7,0.55303117,00-0039910,00-0035710,0.01564444,-0.03031729,0.36905966,-3.5,160,-192,2026_03_TEN_NYG,364f40695b2082e92e303da6214fc8b540db284a01f033a64e64fda98b213775,f8bfe04d40009638ffcd2a77d0bd882a25859c739e823ede31bf93320f710d98
3,2026-09-30T22:47:56Z,2026-10-04T17:00:00Z,2026,4,2026_04_ARI_NYG,NYG,ARI,ratings_qb_logit_v1,1ca7379a709d71b7635c542cea95153ddfd598fe,d7760e41a9d7,0.50747474,00-0031503,00-0033119,-0.04492563,0.02525706,0.44855889,-2.5,114,-135,2026_03_TEN_NYG,f8bfe04d40009638ffcd2a77d0bd882a25859c739e823ede31bf93320f710d98,73ac6adc1357faeb20903cc3e96a65be08f0aabf122b1003a43b972c34248c08
4,2026-09-30T22:47:56Z,2026-10-04T17:00:00Z,2026,4,2026_04_DAL_HOU,HOU,DAL,ratings_qb_logit_v1,1ca7379a709d71b7635c542cea95153ddfd598fe,d7760e41a9d7,0.57934754,00-0039163,00-0033077,-0.12587103,0.21394174,0.59336975,3.0,-162,136,2026_03_TEN_NYG,73ac6adc1357faeb20903cc3e96a65be08f0aabf122b1003a43b972c34248c08,6ea13bfd2fe05816b524dcd659c1c1d4b9ab9fa0b43c9521d74bfc414fe52702
5,2026-09-30T22:47:56Z,2026-10-04T17:00:00Z,2026,4,2026_04_GB_TB,TB,GB,ratings_qb_logit_v1,1ca7379a709d71b7635c542cea95153ddfd598fe,d7760e41a9d7,0.48457806,00-0041251,00-0036264,-0.06993721,0.04477594,0.39076377,-3.5,145,-175,2026_03_TEN_NYG,6ea13bfd2fe05816b524dcd659c1c1d4b9ab9fa0b43c9521d74bfc414fe52702,64807e74edd6eef3b7deec54e4caf48380cd4f7d0ea3b41369524cfa9d2ef7e6
6,2026-09-30T22:47:56Z,2026-10-04T17:00:00Z,2026,4,2026_04_JAX_CIN,CIN,JAX,ratings_qb_logit_v1,1ca7379a709d71b7635c542cea95153ddfd598fe,d7760e41a9d7,0.44104619,00-0036442,00-0036971,-0.01082497,-0.08516118,0.57205964,2.5,-148,124,2026_03_TEN_NYG,64807e74edd6eef3b7deec54e4caf48380cd4f7d0ea3b41369524cfa9d2ef7e6,f7c4d56974510cd3a01bb6fad65abb333a629b3cef00af783c99e7fc7f051255
7,2026-09-30T22:47:56Z,2026-10-04T17:00:00Z,2026,4,2026_04_LA_PHI,PHI,LAR,ratings_qb_logit_v1,1ca7379a709d71b7635c542cea95153ddfd598fe,d7760e41a9d7,0.41265778,00-0036389,00-0026498,-0.08513102,0.00622051,0.40663025,-3.0,136,-162,2026_03_TEN_NYG,f7c4d56974510cd3a01bb6fad65abb333a629b3cef00af783c99e7fc7f051255,378da11a904934803919a378e3a55b890d92992e0474c70f2667cca4b8545f6b
8,2026-09-30T22:47:56Z,2026-10-04T17:00:00Z,2026,4,2026_04_NE_BUF,BUF,NE,ratings_qb_logit_v1,1ca7379a709d71b7635c542cea95153ddfd598fe,d7760e41a9d7,0.71907576,00-0034857,00-0039851,0.14211332,-0.07258541,0.71355123,6.5,-290,235,2026_03_TEN_NYG,378da11a904934803919a378e3a55b890d92992e0474c70f2667cca4b8545f6b,73655783c1b6354a4ca7761db2728f64c6b5d7373f30f268e1a3f63bfbacffe1
9,2026-09-30T22:47:56Z,2026-10-04T17:00:00Z,2026,4,2026_04_NYJ_CHI,CHI,NYJ,ratings_qb_logit_v1,1ca7379a709d71b7635c542cea95153ddfd598fe,d7760e41a9d7,0.75107148,00-0028986,00-0030565,0.07731009,0.06395109,0.60923623,3.5,-175,145,2026_03_TEN_NYG,73655783c1b6354a4ca7761db2728f64c6b5d7373f30f268e1a3f63bfbacffe1,3bf39aa5c624a5e13448f62eb5b440b9b2f2b482a26074379eb08c6b5e9e9736
10,2026-09-30T22:47:56Z,2026-10-04T17:00:00Z,2026,4,2026_04_TEN_BAL,BAL,TEN,ratings_qb_logit_v1,1ca7379a709d71b7635c542cea95153ddfd598fe,d7760e41a9d7,0.83684917,00-0034796,00-0040676,0.14782297,0.06719584,0.84000000,11.5,-700,500,2026_03_TEN_NYG,3bf39aa5c624a5e13448f62eb5b440b9b2f2b482a26074379eb08c6b5e9e9736,a50ffdcea38da69f4d6678b107eeb8522fe2a5a07fed4702d5ab17b6fefdcdf6
11,2026-09-30T22:47:56Z,2026-10-04T20:05:00Z,2026,4,2026_04_MIA_MIN,MIN,MIA,ratings_qb_logit_v1,1ca7379a709d71b7635c542cea95153ddfd598fe,d7760e41a9d7,0.78754362,00-0035228,00-0038128,0.02654770,0.18738373,0.82712370,10.5,-625,455,2026_03_TEN_NYG,a50ffdcea38da69f4d6678b107eeb8522fe2a5a07fed4702d5ab17b6fefdcdf6,d1e8c6c4af61ca752ae603a33a35e4393a63bba66f1222926045ebb12d563e31
12,2026-09-30T22:47:56Z,2026-10-04T20:25:00Z,2026,4,2026_04_DEN_SF,SF,DEN,ratings_qb_logit_v1,1ca7379a709d71b7635c542cea95153ddfd598fe,d7760e41a9d7,0.64754362,00-0037834,00-0039732,0.10811269,-0.09035768,0.57205964,3.0,-148,124,2026_03_TEN_NYG,d1e8c6c4af61ca752ae603a33a35e4393a63bba66f1222926045ebb12d563e31,df3e9510a866e78399ff7eacad44b135a55e8743a42748367e3ebeb3d0d26ec0
13,2026-09-30T22:47:56Z,2026-10-04T20:25:00Z,2026,4,2026_04_KC_LV,LV,KC,ratings_qb_logit_v1,1ca7379a709d71b7635c542cea95153ddfd598fe,d7760e41a9d7,0.36234969,00-0029604,00-0033873,-0.10674238,-0.00537678,0.33635188,-4.5,185,-225,2026_03_TEN_NYG,df3e9510a866e78399ff7eacad44b135a55e8743a42748367e3ebeb3d0d26ec0,2d70df47a34d1a5b392b7be6327a35d39498d569b98f1c5e58618588ef875d8f
14,2026-09-30T22:47:56Z,2026-10-04T20:25:00Z,2026,4,2026_04_LAC_SEA,SEA,LAC,ratings_qb_logit_v1,1ca7379a709d71b7635c542cea95153ddfd598fe,d7760e41a9d7,0.73027722,00-0035704,00-0036355,0.05831302,0.07049100,0.76000000,7.0,-380,300,2026_03_TEN_NYG,2d70df47a34d1a5b392b7be6327a35d39498d569b98f1c5e58618588ef875d8f,6dc26671124c76b554b0e39dc11e1228e50b85095f1d48786c538ec37781da02
15,2026-09-30T22:47:56Z,2026-10-05T00:20:00Z,2026,4,2026_04_DET_CAR,CAR,DET,ratings_qb_logit_v1,1ca7379a709d71b7635c542cea95153ddfd598fe,d7760e41a9d7,0.40982301,00-0039150,00-0033106,-0.07893044,-0.00598211,0.38356164,-3.5,150,-180,2026_03_TEN_NYG,6dc26671124c76b554b0e39dc11e1228e50b85095f1d48786c538ec37781da02,872b7cc2ec156ae337f480d6e9b644df4508770ba3625aa21f8d8d1bac49765f
16,2026-09-30T22:47:56Z,2026-10-06T00:15:00Z,2026,4,2026_04_ATL_NO,NO,ATL,ratings_qb_logit_v1,1ca7379a709d71b7635c542cea95153ddfd598fe,d7760e41a9d7,0.56173659,00-0040743,00-0039917,-0.00443284,0.00863321,0.57205964,2.5,-148,124,2026_03_TEN_NYG,872b7cc2ec156ae337f480d6e9b644df4508770ba3625aa21f8d8d1bac49765f,ebe13b69bf040135acc0e405a68b065a0b48aa4aee608cae76890b9e933255b8
17,2026-10-07T03:24:41Z,2026-10-09T00:15:00Z,2026,5,2026_05_TB_DAL,DAL,TB,ratings_qb_logit_v1,954b65f880fcbe362a61c2cc0abbfde3c68a074a,d7760e41a9d7,0.66597432,00-0033077,00-0041251,0.13823536,-0.11937601,0.78674352,8.5,-455,350,2026_04_TEN_BAL,ebe13b69bf040135acc0e405a68b065a0b48aa4aee608cae76890b9e933255b8,c8ed99299fc4a88ccca9e844e2f9b1f29f53eb56d89488fdea092863e6714441
18,2026-10-07T03:24:41Z,2026-10-11T13:30:00Z,2026,5,2026_05_PHI_JAX,JAX,PHI,ratings_qb_logit_v1,954b65f880fcbe362a61c2cc0abbfde3c68a074a,d7760e41a9d7,0.75165255,00-0036971,00-0036389,0.11149717,0.01143690,0.73354232,7.0,-325,260,2026_04_TEN_BAL,c8ed99299fc4a88ccca9e844e2f9b1f29f53eb56d89488fdea092863e6714441,c11773beb7916084da3fff9ae7f78ee222627d99750198384b0e00be95548f10
19,2026-10-07T03:24:41Z,2026-10-11T17:00:00Z,2026,5,2026_05_CHI_GB,GB,CHI,ratings_qb_logit_v1,954b65f880fcbe362a61c2cc0abbfde3c68a074a,d7760e41a9d7,0.51098033,00-0036264,00-0038416,0.00516381,-0.04970563,0.42794036,-3.0,124,-148,2026_04_TEN_BAL,c11773beb7916084da3fff9ae7f78ee222627d99750198384b0e00be95548f10,9476d5a33244b77fee1d6aceba10760544916e10b2656de716d68c7c69344919
20,2026-10-07T03:24:41Z,2026-10-11T17:00:00Z,2026,5,2026_05_CIN_MIA,MIA,CIN,ratings_qb_logit_v1,954b65f880fcbe362a61c2cc0abbfde3c68a074a,d7760e41a9d7,0.33709829,00-0038128,00-0036442,-0.11738572,-0.01226179,0.25593098,-7.0,275,-345,2026_04_TEN_BAL,9476d5a33244b77fee1d6aceba10760544916e10b2656de716d68c7c69344919,14742db90bcbcba4fc43601afba02d6673da63bbef7263e36a44acdd3a13ad1a
21,2026-10-07T03:24:41Z,2026-10-11T17:00:00Z,2026,5,2026_05_CLE_NYJ,NYJ,CLE,ratings_qb_logit_v1,954b65f880fcbe362a61c2cc0abbfde3c68a074a,d7760e41a9d7,0.42363354,00-0030565,00-0033537,-0.00907523,-0.10258969,0.54274354,2.5,-130,110,2026_04_TEN_BAL,14742db90bcbcba4fc43601afba02d6673da63bbef7263e36a44acdd3a13ad1a,0c538c0f3f9512f3c0d52aa75875c1d5baf172aa7a1e07091dd4ad2cc2df7a82
22,2026-10-07T03:24:41Z,2026-10-11T17:00:00Z,2026,5,2026_05_HOU_TEN,TEN,HOU,ratings_qb_logit_v1,954b65f880fcbe362a61c2cc0abbfde3c68a074a,d7760e41a9d7,0.32308256,00-0040676,00-0039163,-0.03463108,-0.15488889,0.24281150,-7.5,295,-375,2026_04_TEN_BAL,0c538c0f3f9512f3c0d52aa75875c1d5baf172aa7a1e07091dd4ad2cc2df7a82,5cc7d37f472b9fc53272866c566364359ec78f618df5e307104ce14ad534f7b7
23,2026-10-07T03:24:41Z,2026-10-11T17:00:00Z,2026,5,2026_05_IND_PIT,PIT,IND,ratings_qb_logit_v1,954b65f880fcbe362a61c2cc0abbfde3c68a074a,d7760e41a9d7,0.56309328,00-0023459,00-0035710,-0.00242322,0.00691381,0.56349206,2.5,-142,120,2026_04_TEN_BAL,5cc7d37f472b9fc53272866c566364359ec78f618df5e307104ce14ad534f7b7,57c6fc1205cb20164625fbc56376d75e97b54e4591f0bc2b01b46350d0aa4573
24,2026-10-07T03:24:41Z,2026-10-11T17:00:00Z,2026,5,2026_05_LV_NE,NE,LV,ratings_qb_logit_v1,954b65f880fcbe362a61c2cc0abbfde3c68a074a,d7760e41a9d7,0.66584753,00-0039851,00-0029604,0.03784169,0.03711480,0.63094034,3.5,-192,160,2026_04_TEN_BAL,57c6fc1205cb20164625fbc56376d75e97b54e4591f0bc2b01b46350d0aa4573,b0bb1fbfe844bb017c1e9a79285f0d676e76aa1b2e8a11e9947000cfd5b68335
25,2026-10-07T03:24:41Z,2026-10-11T17:00:00Z,2026,5,2026_05_MIN_NO,NO,MIN,ratings_qb_logit_v1,954b65f880fcbe362a61c2cc0abbfde3c68a074a,d7760e41a9d7,0.42437605,00-0040743,00-0035228,0.01792999,-0.14406842,0.45725646,-1.5,110,-130,2026_04_TEN_BAL,b0bb1fbfe844bb017c1e9a79285f0d676e76aa1b2e8a11e9947000cfd5b68335,06356f577d6e4b39995bc5ce97afb9be35f5d353708b5b8a586a6bb8503645b7
26,2026-10-07T03:24:41Z,2026-10-11T17:00:00Z,2026,5,2026_05_NYG_WAS,WAS,NYG,ratings_qb_logit_v1,954b65f880fcbe362a61c2cc0abbfde3c68a074a,d7760e41a9d7,0.61619873,00-0039910,00-0031503,0.05481211,-0.03547062,0.60923623,3.5,-175,145,2026_04_TEN_BAL,06356f577d6e4b39995bc5ce97afb9be35f5d353708b5b8a586a6bb8503645b7,6624d144df057338538b0cda49ca51e12c374124c00c38a241e16f0d04b24ff2
27,2026-10-07T03:24:41Z,2026-10-11T20:05:00Z,2026,5,2026_05_DEN_LAC,LAC,DEN,ratings_qb_logit_v1,954b65f880fcbe362a61c2cc0abbfde3c68a074a,d7760e41a9d7,0.45802904,00-0036355,00-0039732,-0.06358364,0.01224081,0.37753345,-3.5,154,-185,2026_04_TEN_BAL,6624d144df057338538b0cda49ca51e12c374124c00c38a241e16f0d04b24ff2,a3851407e867aa33b2c50b3a4daa4f20de868939c08b34336be33e77f2c78250
28,2026-10-07T03:24:41Z,2026-10-11T20:25:00Z,2026,5,2026_05_DET_ARI,ARI,DET,ratings_qb_logit_v1,954b65f880fcbe362a61c2cc0abbfde3c68a074a,d7760e41a9d7,0.36727725,00-0033119,00-0033106,-0.09842234,-0.01359542,0.34252477,-4.5,180,-218,2026_04_TEN_BAL,a3851407e867aa33b2c50b3a4daa4f20de868939c08b34336be33e77f2c78250,295205c032a36ab61d9a983fcd26a652b80d0f14b715b39975e43292cd8f3415
29,2026-10-07T03:24:41Z,2026-10-11T20:25:00Z,2026,5,2026_05_SF_SEA,SEA,SF,ratings_qb_logit_v1,954b65f880fcbe362a61c2cc0abbfde3c68a074a,d7760e41a9d7,0.51470374,00-0035704,00-0037834,-0.12732438,0.16015511,0.58299264,2.5,-155,130,2026_04_TEN_BAL,295205c032a36ab61d9a983fcd26a652b80d0f14b715b39975e43292cd8f3415,bfd9a502ed51a79ebe19545209495ba5beefe5e24badd239ba54513f506577c5
30,2026-10-07T03:24:41Z,2026-10-12T00:20:00Z,2026,5,2026_05_BAL_ATL,ATL,BAL,ratings_qb_logit_v1,954b65f880fcbe362a61c2cc0abbfde3c68a074a,d7760e41a9d7,0.45976320,00-0039917,00-0034796,-0.05627840,0.00233555,0.62246655,3.5,-185,154,2026_04_TEN_BAL,bfd9a502ed51a79ebe19545209495ba5beefe5e24badd239ba54513f506577c5,6745ec0bb077938bcd6c4c4340019ca22decd352fdf85e604579fff429cfc862
31,2026-10-07T03:24:41Z,2026-10-13T00:15:00Z,2026,5,2026_05_BUF_LA,LAR,BUF,ratings_qb_logit_v1,954b65f880fcbe362a61c2cc0abbfde3c68a074a,d7760e41a9d7,0.52995753,00-0026498,00-0034857,-0.06816070,0.08091223,0.58299264,2.5,-155,130,2026_04_TEN_BAL,6745ec0bb077938bcd6c4c4340019ca22decd352fdf85e604579fff429cfc862,996654ad19c4a06bd220a4a2a9310c9ac4f4d8c9b46cc67fd4b39a1140a48970
