entry_id,logged_at_utc,season,week_prior,team,model_id,model_sha,params_sha,p_win_sb,p_win_conf,p_playoffs,p_division,expected_wins,n_sims,data_asof,prev_hash,row_hash
1,2026-10-07T03:38:16Z,2026,5,BUF,season_sim_v1,01af40148f5ef358661238228a3bf528e0bae03c,cbb84e22d9c4,0.115845,0.201950,0.859497,0.675980,11.7459,65536,2026_04_TEN_BAL,0000000000000000000000000000000000000000000000000000000000000000,37f806b5a95855e9e3a296ac168c6518f900b28a794bec41ffa7dc74d1546967
2,2026-10-07T03:38:16Z,2026,5,JAX,season_sim_v1,01af40148f5ef358661238228a3bf528e0bae03c,cbb84e22d9c4,0.100418,0.185593,0.877930,0.771729,11.9710,65536,2026_04_TEN_BAL,37f806b5a95855e9e3a296ac168c6518f900b28a794bec41ffa7dc74d1546967,cad69a8d4fc9f170aeeda58b82370c5966729d04331b7abed18e0597c751f8c5
3,2026-10-07T03:38:16Z,2026,5,SF,season_sim_v1,01af40148f5ef358661238228a3bf528e0bae03c,cbb84e22d9c4,0.099930,0.198441,0.837692,0.494492,12.0650,65536,2026_04_TEN_BAL,cad69a8d4fc9f170aeeda58b82370c5966729d04331b7abed18e0597c751f8c5,965a9db9c608a04e9a0ae01744b8dbb8ac418a7f49c63f6bd09dd652a42a9f31
4,2026-10-07T03:38:16Z,2026,5,KC,season_sim_v1,01af40148f5ef358661238228a3bf528e0bae03c,cbb84e22d9c4,0.087357,0.162216,0.843185,0.621307,11.8135,65536,2026_04_TEN_BAL,965a9db9c608a04e9a0ae01744b8dbb8ac418a7f49c63f6bd09dd652a42a9f31,7d3f9f7b237108266a22278733644c37fc62d94035d5a69ecb8f4653ea6ec8ee
5,2026-10-07T03:38:16Z,2026,5,LAR,season_sim_v1,01af40148f5ef358661238228a3bf528e0bae03c,cbb84e22d9c4,0.078995,0.146896,0.671310,0.222458,10.4157,65536,2026_04_TEN_BAL,7d3f9f7b237108266a22278733644c37fc62d94035d5a69ecb8f4653ea6ec8ee,707283976e3373c5312227d6c218e2f3004cc581c5fc3d33ccb88d22278f8aed
6,2026-10-07T03:38:16Z,2026,5,BAL,season_sim_v1,01af40148f5ef358661238228a3bf528e0bae03c,cbb84e22d9c4,0.076584,0.141754,0.768234,0.500900,11.1377,65536,2026_04_TEN_BAL,707283976e3373c5312227d6c218e2f3004cc581c5fc3d33ccb88d22278f8aed,53190a91055a06be2a8297c44ce363db342e66114b5d0257524e9ea75988ab11
7,2026-10-07T03:38:16Z,2026,5,SEA,season_sim_v1,01af40148f5ef358661238228a3bf528e0bae03c,cbb84e22d9c4,0.065735,0.131470,0.678040,0.273666,10.6144,65536,2026_04_TEN_BAL,53190a91055a06be2a8297c44ce363db342e66114b5d0257524e9ea75988ab11,4cc7e3e010e767533c59cee377efeb11a71453ab817a84d6433a4f2cc85c6005
8,2026-10-07T03:38:16Z,2026,5,MIN,season_sim_v1,01af40148f5ef358661238228a3bf528e0bae03c,cbb84e22d9c4,0.049225,0.110092,0.744324,0.451614,11.1967,65536,2026_04_TEN_BAL,4cc7e3e010e767533c59cee377efeb11a71453ab817a84d6433a4f2cc85c6005,08e7a1f64d52fa8e1893b329e85e6ca6382f4458b9f01b8dbf6f699c0797912c
9,2026-10-07T03:38:16Z,2026,5,NE,season_sim_v1,01af40148f5ef358661238228a3bf528e0bae03c,cbb84e22d9c4,0.036514,0.071594,0.616425,0.288193,9.8184,65536,2026_04_TEN_BAL,08e7a1f64d52fa8e1893b329e85e6ca6382f4458b9f01b8dbf6f699c0797912c,77bff529bfd6305d2704b6d38692d512010ef16b3467c330781e71186a8666b7
10,2026-10-07T03:38:16Z,2026,5,DET,season_sim_v1,01af40148f5ef358661238228a3bf528e0bae03c,cbb84e22d9c4,0.035110,0.076950,0.563736,0.250702,9.7432,65536,2026_04_TEN_BAL,77bff529bfd6305d2704b6d38692d512010ef16b3467c330781e71186a8666b7,43f48213320c4d135fea9a8a30ef081bce4ece40db5d4b38f989ab513c3f4eb9
11,2026-10-07T03:38:16Z,2026,5,ATL,season_sim_v1,01af40148f5ef358661238228a3bf528e0bae03c,cbb84e22d9c4,0.030701,0.067673,0.536682,0.440918,9.0387,65536,2026_04_TEN_BAL,43f48213320c4d135fea9a8a30ef081bce4ece40db5d4b38f989ab513c3f4eb9,b7339cde0a79564bad5641a8790f52b1ef45968a4d919d75244b57f954936015
12,2026-10-07T03:38:16Z,2026,5,DEN,season_sim_v1,01af40148f5ef358661238228a3bf528e0bae03c,cbb84e22d9c4,0.028214,0.056091,0.531097,0.213486,9.3459,65536,2026_04_TEN_BAL,b7339cde0a79564bad5641a8790f52b1ef45968a4d919d75244b57f954936015,80cc9965fb10a7b9f51cf0ed786e95488f262dbb6f9dd14d9a4373cc81cef7a0
13,2026-10-07T03:38:16Z,2026,5,CHI,season_sim_v1,01af40148f5ef358661238228a3bf528e0bae03c,cbb84e22d9c4,0.027176,0.061295,0.500061,0.200897,9.4215,65536,2026_04_TEN_BAL,80cc9965fb10a7b9f51cf0ed786e95488f262dbb6f9dd14d9a4373cc81cef7a0,9c866fba7fd9e20f5c8021aea314f207453ad350db1e3fb2a01e14d9013e1413
14,2026-10-07T03:38:16Z,2026,5,CIN,season_sim_v1,01af40148f5ef358661238228a3bf528e0bae03c,cbb84e22d9c4,0.025742,0.051651,0.524155,0.216812,9.3214,65536,2026_04_TEN_BAL,9c866fba7fd9e20f5c8021aea314f207453ad350db1e3fb2a01e14d9013e1413,e30ad83468ad036af5ad0245aec4b0fc7547265b9a99a257d85fa122ec257dfc
15,2026-10-07T03:38:16Z,2026,5,DAL,season_sim_v1,01af40148f5ef358661238228a3bf528e0bae03c,cbb84e22d9c4,0.021408,0.049301,0.484711,0.380219,8.8584,65536,2026_04_TEN_BAL,e30ad83468ad036af5ad0245aec4b0fc7547265b9a99a257d85fa122ec257dfc,045d761883dce11a7c4994516c96593f7e6b6e22ce8b1c53cfbd2e0302346a40
16,2026-10-07T03:38:16Z,2026,5,CAR,season_sim_v1,01af40148f5ef358661238228a3bf528e0bae03c,cbb84e22d9c4,0.014893,0.035065,0.400894,0.309998,8.2014,65536,2026_04_TEN_BAL,045d761883dce11a7c4994516c96593f7e6b6e22ce8b1c53cfbd2e0302346a40,fd52b7da94a37fbb8f733040d43b66aaf449fb99ac40e67e68b5f312331a0df8
17,2026-10-07T03:38:16Z,2026,5,GB,season_sim_v1,01af40148f5ef358661238228a3bf528e0bae03c,cbb84e22d9c4,0.013412,0.030029,0.307755,0.096786,8.0216,65536,2026_04_TEN_BAL,fd52b7da94a37fbb8f733040d43b66aaf449fb99ac40e67e68b5f312331a0df8,f54deb1650791fd6abbe23284e694a533730de3fb9a02fa4daf0c161de4558fa
18,2026-10-07T03:38:16Z,2026,5,PHI,season_sim_v1,01af40148f5ef358661238228a3bf528e0bae03c,cbb84e22d9c4,0.011948,0.030304,0.377609,0.289932,8.1348,65536,2026_04_TEN_BAL,f54deb1650791fd6abbe23284e694a533730de3fb9a02fa4daf0c161de4558fa,3854daf66ba17560871101583dd0d7d73b85530d84af0da1ba1e27c165cf9c6d
19,2026-10-07T03:38:16Z,2026,5,LV,season_sim_v1,01af40148f5ef358661238228a3bf528e0bae03c,cbb84e22d9c4,0.011505,0.027054,0.409348,0.141068,8.6726,65536,2026_04_TEN_BAL,3854daf66ba17560871101583dd0d7d73b85530d84af0da1ba1e27c165cf9c6d,a720bb0930f31e77b7cca302ae62d967fd7306b0fe06b390d7f909ec7fa4ebac
20,2026-10-07T03:38:16Z,2026,5,CLE,season_sim_v1,01af40148f5ef358661238228a3bf528e0bae03c,cbb84e22d9c4,0.011246,0.027527,0.472519,0.188248,9.0746,65536,2026_04_TEN_BAL,a720bb0930f31e77b7cca302ae62d967fd7306b0fe06b390d7f909ec7fa4ebac,defe0aed36393bab6dde595be568424c4d23e93c324ab3a908d5fcf4314d0f2a
21,2026-10-07T03:38:16Z,2026,5,HOU,season_sim_v1,01af40148f5ef358661238228a3bf528e0bae03c,cbb84e22d9c4,0.010269,0.020569,0.216278,0.076553,6.9960,65536,2026_04_TEN_BAL,defe0aed36393bab6dde595be568424c4d23e93c324ab3a908d5fcf4314d0f2a,fb96af983b2591e71526005b82bea609bb59af6c374063dcb57ab860fbfb789e
22,2026-10-07T03:38:16Z,2026,5,PIT,season_sim_v1,01af40148f5ef358661238228a3bf528e0bae03c,cbb84e22d9c4,0.008850,0.020294,0.309692,0.094040,7.8859,65536,2026_04_TEN_BAL,fb96af983b2591e71526005b82bea609bb59af6c374063dcb57ab860fbfb789e,3e0241067f0896ef9daecf8e04d3662b3a74bfd7514ea4c86a6c797452cdf12e
23,2026-10-07T03:38:16Z,2026,5,IND,season_sim_v1,01af40148f5ef358661238228a3bf528e0bae03c,cbb84e22d9c4,0.008316,0.019989,0.354065,0.143204,8.1986,65536,2026_04_TEN_BAL,3e0241067f0896ef9daecf8e04d3662b3a74bfd7514ea4c86a6c797452cdf12e,febdee8adf6fabe1f0b9c520c83255f9e85ef2fd28c5a5146ad47f2c7903cfe0
24,2026-10-07T03:38:16Z,2026,5,NO,season_sim_v1,01af40148f5ef358661238228a3bf528e0bae03c,cbb84e22d9c4,0.007217,0.018600,0.247238,0.176849,7.0130,65536,2026_04_TEN_BAL,febdee8adf6fabe1f0b9c520c83255f9e85ef2fd28c5a5146ad47f2c7903cfe0,e006579ac3e73673c02a97972591ba8e489a388d7ffb3c5bf5f2724340731926
25,2026-10-07T03:38:16Z,2026,5,NYG,season_sim_v1,01af40148f5ef358661238228a3bf528e0bae03c,cbb84e22d9c4,0.005600,0.015457,0.301590,0.215973,7.7579,65536,2026_04_TEN_BAL,e006579ac3e73673c02a97972591ba8e489a388d7ffb3c5bf5f2724340731926,59ecbb52f70883eb6836baa6e501f0c2aed492d26e5e9ad54d1ce8abba6b3df3
26,2026-10-07T03:38:16Z,2026,5,WAS,season_sim_v1,01af40148f5ef358661238228a3bf528e0bae03c,cbb84e22d9c4,0.005112,0.012497,0.171158,0.113876,6.4675,65536,2026_04_TEN_BAL,59ecbb52f70883eb6836baa6e501f0c2aed492d26e5e9ad54d1ce8abba6b3df3,6df4a003e2d046c0b364dfa2444d8311b93b3d9b14702afb15a0fe354bc14702
27,2026-10-07T03:38:16Z,2026,5,TB,season_sim_v1,01af40148f5ef358661238228a3bf528e0bae03c,cbb84e22d9c4,0.004227,0.009796,0.095810,0.072235,4.9396,65536,2026_04_TEN_BAL,6df4a003e2d046c0b364dfa2444d8311b93b3d9b14702afb15a0fe354bc14702,d3b2060a176a767d063f00d094321415b5c8c51a0147294ee77f2fc3ecbfb95e
28,2026-10-07T03:38:16Z,2026,5,LAC,season_sim_v1,01af40148f5ef358661238228a3bf528e0bae03c,cbb84e22d9c4,0.003723,0.007767,0.088745,0.024139,5.4931,65536,2026_04_TEN_BAL,d3b2060a176a767d063f00d094321415b5c8c51a0147294ee77f2fc3ecbfb95e,a32d3d970f6bb26881baa55901869cf7c12e206cd7ba9bbb584e0c214ab991d0
29,2026-10-07T03:38:16Z,2026,5,ARI,season_sim_v1,01af40148f5ef358661238228a3bf528e0bae03c,cbb84e22d9c4,0.002396,0.006134,0.081390,0.009384,5.6878,65536,2026_04_TEN_BAL,a32d3d970f6bb26881baa55901869cf7c12e206cd7ba9bbb584e0c214ab991d0,3a5f9f073de39be294a5738145cb6a3390f51dd4cf4562654508cf4e94f2d463
30,2026-10-07T03:38:16Z,2026,5,NYJ,season_sim_v1,01af40148f5ef358661238228a3bf528e0bae03c,cbb84e22d9c4,0.000977,0.002747,0.068848,0.023315,5.1549,65536,2026_04_TEN_BAL,3a5f9f073de39be294a5738145cb6a3390f51dd4cf4562654508cf4e94f2d463,ee76261164939ffad0b77856e9dd7d2a32043eb6e5b7a22fa5a38bf8eb60776f
31,2026-10-07T03:38:16Z,2026,5,MIA,season_sim_v1,01af40148f5ef358661238228a3bf528e0bae03c,cbb84e22d9c4,0.000839,0.002121,0.035889,0.012512,4.1347,65536,2026_04_TEN_BAL,ee76261164939ffad0b77856e9dd7d2a32043eb6e5b7a22fa5a38bf8eb60776f,38ea9dbef4370046d25a9d4ada361aa5f99f211fda5851d5af8e94089aa40289
32,2026-10-07T03:38:16Z,2026,5,TEN,season_sim_v1,01af40148f5ef358661238228a3bf528e0bae03c,cbb84e22d9c4,0.000519,0.001083,0.024094,0.008514,3.6585,65536,2026_04_TEN_BAL,38ea9dbef4370046d25a9d4ada361aa5f99f211fda5851d5af8e94089aa40289,0d9e3e947385c6d86d65b20a82afc8bdfad6e84be1cdf55fb3dbc12d10fc466a
33,2026-10-07T16:01:40Z,2026,5,BUF,season_sim_v2,b1479e482afdc95c56f1ad049b960fa23f5327a9,388282c25774,0.116470,0.201950,0.859604,0.676361,11.7459,65536,2026_04_TEN_BAL,0d9e3e947385c6d86d65b20a82afc8bdfad6e84be1cdf55fb3dbc12d10fc466a,c336896e8294c7b2470d3d6140b7b61ec0ea8304274be941c466272de5abc308
34,2026-10-07T16:01:40Z,2026,5,JAX,season_sim_v2,b1479e482afdc95c56f1ad049b960fa23f5327a9,388282c25774,0.101196,0.185593,0.878143,0.772141,11.9742,65536,2026_04_TEN_BAL,c336896e8294c7b2470d3d6140b7b61ec0ea8304274be941c466272de5abc308,854a0d3eeb95a7e41f57866a644f583e1fca31d8eceec6be0dff0e631dd696a2
35,2026-10-07T16:01:40Z,2026,5,SF,season_sim_v2,b1479e482afdc95c56f1ad049b960fa23f5327a9,388282c25774,0.099197,0.198578,0.838135,0.494965,12.0685,65536,2026_04_TEN_BAL,854a0d3eeb95a7e41f57866a644f583e1fca31d8eceec6be0dff0e631dd696a2,311625aa82a26b3b1303afc603317e79c4b1e682063ac79c5ea72e59bb726add
36,2026-10-07T16:01:40Z,2026,5,KC,season_sim_v2,b1479e482afdc95c56f1ad049b960fa23f5327a9,388282c25774,0.087753,0.162186,0.843277,0.621307,11.8135,65536,2026_04_TEN_BAL,311625aa82a26b3b1303afc603317e79c4b1e682063ac79c5ea72e59bb726add,d58b6d23e3dda5ebcfc1af003de8b907ac2a951785c860bc3970224ecf81b91b
37,2026-10-07T16:01:40Z,2026,5,LAR,season_sim_v2,b1479e482afdc95c56f1ad049b960fa23f5327a9,388282c25774,0.078445,0.146851,0.671158,0.222198,10.4157,65536,2026_04_TEN_BAL,d58b6d23e3dda5ebcfc1af003de8b907ac2a951785c860bc3970224ecf81b91b,a5950145690cc29bdcc67841650777395f768740817f5ccbcd15172120bb785f
38,2026-10-07T16:01:40Z,2026,5,BAL,season_sim_v2,b1479e482afdc95c56f1ad049b960fa23f5327a9,388282c25774,0.077103,0.141876,0.768341,0.501266,11.1377,65536,2026_04_TEN_BAL,a5950145690cc29bdcc67841650777395f768740817f5ccbcd15172120bb785f,0ad44e996cae14c7664372c6d63eaee1de1e94a1a20d6a2cb4ac5cc3b1c6d190
39,2026-10-07T16:01:40Z,2026,5,SEA,season_sim_v2,b1479e482afdc95c56f1ad049b960fa23f5327a9,388282c25774,0.065369,0.131546,0.677856,0.273483,10.6144,65536,2026_04_TEN_BAL,0ad44e996cae14c7664372c6d63eaee1de1e94a1a20d6a2cb4ac5cc3b1c6d190,d2ffedec4f19e6e7d5f4cf1c6669fd167ce16060d7dd281b8ab93605bec98ec0
40,2026-10-07T16:01:40Z,2026,5,MIN,season_sim_v2,b1479e482afdc95c56f1ad049b960fa23f5327a9,388282c25774,0.048737,0.109909,0.743713,0.451065,11.1932,65536,2026_04_TEN_BAL,d2ffedec4f19e6e7d5f4cf1c6669fd167ce16060d7dd281b8ab93605bec98ec0,e3e2f74c3f6d554fe96580bcb839fbb04219ca600f9ecce1fe0e0c84d19fc21c
41,2026-10-07T16:01:40Z,2026,5,NE,season_sim_v2,b1479e482afdc95c56f1ad049b960fa23f5327a9,388282c25774,0.036697,0.071533,0.616089,0.287781,9.8151,65536,2026_04_TEN_BAL,e3e2f74c3f6d554fe96580bcb839fbb04219ca600f9ecce1fe0e0c84d19fc21c,9c668d74b1c8dfe63590a788f46d25d6f52f23cca9df21c6ca47fcf8068e4df3
42,2026-10-07T16:01:40Z,2026,5,DET,season_sim_v2,b1479e482afdc95c56f1ad049b960fa23f5327a9,388282c25774,0.034805,0.077072,0.564240,0.251129,9.7464,65536,2026_04_TEN_BAL,9c668d74b1c8dfe63590a788f46d25d6f52f23cca9df21c6ca47fcf8068e4df3,d86cd1fda5af3dff73bf83c959e7c3d915a9d25bb626cc87f32017cc079b4ba2
43,2026-10-07T16:01:40Z,2026,5,ATL,season_sim_v2,b1479e482afdc95c56f1ad049b960fa23f5327a9,388282c25774,0.030563,0.067764,0.537033,0.441177,9.0424,65536,2026_04_TEN_BAL,d86cd1fda5af3dff73bf83c959e7c3d915a9d25bb626cc87f32017cc079b4ba2,ab6d6919815554b6adc09a5dce3ad9c2788d1d8c352bdc8dc859fe80af8dc525
44,2026-10-07T16:01:40Z,2026,5,DEN,season_sim_v2,b1479e482afdc95c56f1ad049b960fa23f5327a9,388282c25774,0.028488,0.056091,0.531326,0.213486,9.3459,65536,2026_04_TEN_BAL,ab6d6919815554b6adc09a5dce3ad9c2788d1d8c352bdc8dc859fe80af8dc525,2ffb93078ea1d08bfb3b4f34f92df85d88bd99e2f5e5a4b3b9ae52fc8e3fa6fe
45,2026-10-07T16:01:40Z,2026,5,CHI,season_sim_v2,b1479e482afdc95c56f1ad049b960fa23f5327a9,388282c25774,0.027008,0.061218,0.499924,0.200912,9.4215,65536,2026_04_TEN_BAL,2ffb93078ea1d08bfb3b4f34f92df85d88bd99e2f5e5a4b3b9ae52fc8e3fa6fe,dd23c823e9e6ba11ad21f76e38d0b62a1eb9ed5d6fa7ae9be0972b32b80f2e53
46,2026-10-07T16:01:40Z,2026,5,CIN,season_sim_v2,b1479e482afdc95c56f1ad049b960fa23f5327a9,388282c25774,0.025970,0.051636,0.523895,0.216507,9.3177,65536,2026_04_TEN_BAL,dd23c823e9e6ba11ad21f76e38d0b62a1eb9ed5d6fa7ae9be0972b32b80f2e53,9995bced678b5845c89755e9be53efe36469dafd5497745de5067fecc3d97d31
47,2026-10-07T16:01:40Z,2026,5,DAL,season_sim_v2,b1479e482afdc95c56f1ad049b960fa23f5327a9,388282c25774,0.021118,0.049240,0.484634,0.380219,8.8584,65536,2026_04_TEN_BAL,9995bced678b5845c89755e9be53efe36469dafd5497745de5067fecc3d97d31,cd0e75d48439667b77820c89e75a6e7fd2d825821e54924b236d8be0ab86807e
48,2026-10-07T16:01:40Z,2026,5,CAR,season_sim_v2,b1479e482afdc95c56f1ad049b960fa23f5327a9,388282c25774,0.014801,0.035110,0.400772,0.309708,8.2014,65536,2026_04_TEN_BAL,cd0e75d48439667b77820c89e75a6e7fd2d825821e54924b236d8be0ab86807e,6b81689ddd1152fb14373f949f2a2c85145782b4cd54c34ae33a8c83dfb9c379
49,2026-10-07T16:01:40Z,2026,5,GB,season_sim_v2,b1479e482afdc95c56f1ad049b960fa23f5327a9,388282c25774,0.013336,0.030014,0.307678,0.096893,8.0216,65536,2026_04_TEN_BAL,6b81689ddd1152fb14373f949f2a2c85145782b4cd54c34ae33a8c83dfb9c379,0c2e40edcc42a94d99c803d45e487e1e380e2d78581d6cb62fa9aabf4f75cfb1
50,2026-10-07T16:01:40Z,2026,5,PHI,season_sim_v2,b1479e482afdc95c56f1ad049b960fa23f5327a9,388282c25774,0.011871,0.030258,0.377533,0.289932,8.1348,65536,2026_04_TEN_BAL,0c2e40edcc42a94d99c803d45e487e1e380e2d78581d6cb62fa9aabf4f75cfb1,bcab43545321b4f995e00d213efcb4ef5241cf7b7358b31a7f5f4e9e877ed1a3
51,2026-10-07T16:01:40Z,2026,5,LV,season_sim_v2,b1479e482afdc95c56f1ad049b960fa23f5327a9,388282c25774,0.011627,0.027100,0.409531,0.141068,8.6726,65536,2026_04_TEN_BAL,bcab43545321b4f995e00d213efcb4ef5241cf7b7358b31a7f5f4e9e877ed1a3,7881359abf5d0c94be85666c45f2800511d56f652fd442fb77d9442398930535
52,2026-10-07T16:01:40Z,2026,5,CLE,season_sim_v2,b1479e482afdc95c56f1ad049b960fa23f5327a9,388282c25774,0.011383,0.027542,0.472809,0.188370,9.0746,65536,2026_04_TEN_BAL,7881359abf5d0c94be85666c45f2800511d56f652fd442fb77d9442398930535,60e95bb131796fdd97ffc729804c3458c46a633cc552a606aed2a9c72d16984f
53,2026-10-07T16:01:40Z,2026,5,HOU,season_sim_v2,b1479e482afdc95c56f1ad049b960fa23f5327a9,388282c25774,0.010330,0.020554,0.215866,0.076263,6.9929,65536,2026_04_TEN_BAL,60e95bb131796fdd97ffc729804c3458c46a633cc552a606aed2a9c72d16984f,be37593b78bcb1847a50227bb3394128944ad33bef725ccb3e1c016590669f00
54,2026-10-07T16:01:40Z,2026,5,PIT,season_sim_v2,b1479e482afdc95c56f1ad049b960fa23f5327a9,388282c25774,0.008926,0.020264,0.309219,0.093857,7.8828,65536,2026_04_TEN_BAL,be37593b78bcb1847a50227bb3394128944ad33bef725ccb3e1c016590669f00,8e840570bb220ea9ebd820f2ba419315a4f0e66ef0723c52a664b0f2864a7575
55,2026-10-07T16:01:40Z,2026,5,IND,season_sim_v2,b1479e482afdc95c56f1ad049b960fa23f5327a9,388282c25774,0.008408,0.019974,0.354141,0.143082,8.1986,65536,2026_04_TEN_BAL,8e840570bb220ea9ebd820f2ba419315a4f0e66ef0723c52a664b0f2864a7575,cefbf3c06590edf6a228a8c021546e6383bdf4de6d8d6c5949a73915d391f27f
56,2026-10-07T16:01:40Z,2026,5,NO,season_sim_v2,b1479e482afdc95c56f1ad049b960fa23f5327a9,388282c25774,0.007156,0.018600,0.247513,0.176941,7.0161,65536,2026_04_TEN_BAL,cefbf3c06590edf6a228a8c021546e6383bdf4de6d8d6c5949a73915d391f27f,d64d66e2aa7ce80679aa32570cb21545b5b10af23989e9c56a270fde1f19cd7a
57,2026-10-07T16:01:40Z,2026,5,NYG,season_sim_v2,b1479e482afdc95c56f1ad049b960fa23f5327a9,388282c25774,0.005539,0.015427,0.301559,0.215973,7.7579,65536,2026_04_TEN_BAL,d64d66e2aa7ce80679aa32570cb21545b5b10af23989e9c56a270fde1f19cd7a,09dfc75994a82fa6bfc87152d19856753be071b9ba0fc9113e8d689506393976
58,2026-10-07T16:01:40Z,2026,5,WAS,season_sim_v2,b1479e482afdc95c56f1ad049b960fa23f5327a9,388282c25774,0.005035,0.012482,0.171112,0.113876,6.4675,65536,2026_04_TEN_BAL,09dfc75994a82fa6bfc87152d19856753be071b9ba0fc9113e8d689506393976,d61afa7224082f7622d387cbd3ba5a579cf1e524470b97b404ddceada0d4f4d5
59,2026-10-07T16:01:40Z,2026,5,TB,season_sim_v2,b1479e482afdc95c56f1ad049b960fa23f5327a9,388282c25774,0.004196,0.009796,0.095764,0.072174,4.9396,65536,2026_04_TEN_BAL,d61afa7224082f7622d387cbd3ba5a579cf1e524470b97b404ddceada0d4f4d5,2138c9c692386ae9d464b710641879b717b1ef5b0e386236dd257acdac51ae78
60,2026-10-07T16:01:40Z,2026,5,LAC,season_sim_v2,b1479e482afdc95c56f1ad049b960fa23f5327a9,388282c25774,0.003738,0.007751,0.088837,0.024139,5.4931,65536,2026_04_TEN_BAL,2138c9c692386ae9d464b710641879b717b1ef5b0e386236dd257acdac51ae78,a1d57a0d30de3519fab21d8c2b66d3e49abad23d812497e1688c026d8749a42d
61,2026-10-07T16:01:40Z,2026,5,ARI,season_sim_v2,b1479e482afdc95c56f1ad049b960fa23f5327a9,388282c25774,0.002396,0.006134,0.081375,0.009354,5.6878,65536,2026_04_TEN_BAL,a1d57a0d30de3519fab21d8c2b66d3e49abad23d812497e1688c026d8749a42d,aa50eb4d9fe270057d31041aa6c858ffc946d1d514583a713ebd470120313821
62,2026-10-07T16:01:40Z,2026,5,NYJ,season_sim_v2,b1479e482afdc95c56f1ad049b960fa23f5327a9,388282c25774,0.000977,0.002747,0.068878,0.023315,5.1549,65536,2026_04_TEN_BAL,aa50eb4d9fe270057d31041aa6c858ffc946d1d514583a713ebd470120313821,b1752ecad8a8888384906de455aff4ad4d5eda7932edf94e65f0fe95f61c4f61
63,2026-10-07T16:01:40Z,2026,5,MIA,season_sim_v2,b1479e482afdc95c56f1ad049b960fa23f5327a9,388282c25774,0.000839,0.002121,0.035919,0.012543,4.1347,65536,2026_04_TEN_BAL,b1752ecad8a8888384906de455aff4ad4d5eda7932edf94e65f0fe95f61c4f61,af95a796174e0588292cc2ed300b57e8b680cbc4202793e6a5b5d87280859910
64,2026-10-07T16:01:40Z,2026,5,TEN,season_sim_v2,b1479e482afdc95c56f1ad049b960fa23f5327a9,388282c25774,0.000519,0.001083,0.024124,0.008514,3.6585,65536,2026_04_TEN_BAL,af95a796174e0588292cc2ed300b57e8b680cbc4202793e6a5b5d87280859910,1aebb99475accc53a26fbe170a29afbe4f12a28a86aeab47fb2994db5e509dd0
